{
  "framework": "nextjs",
  "buildCommand": "npm run build",
  "devCommand": "npm run dev",
  "installCommand": "npm install",
  "regions": ["icn1"],
  "env": {
    "NEXT_PUBLIC_NAVER_MAP_CLIENT_ID": "@naver_map_client_id",
    "NEXT_PUBLIC_APP_URL": "@app_url"
  },
  "build": {
    "env": {
      "NEXT_PUBLIC_NAVER_MAP_CLIENT_ID": "@naver_map_client_id",
      "NEXT_PUBLIC_APP_URL": "@app_url"
    }
  },
  "headers": [
    {
      "source": "/api/(.*)",
      "headers": [
        {
          "key": "Access-Control-Allow-Origin",
          "value": "*"
        },
        {
          "key": "Access-Control-Allow-Methods",
          "value": "GET, POST, PUT, DELETE, OPTIONS"
        },
        {
          "key": "Access-Control-Allow-Headers",
          "value": "Content-Type, Authorization"
        }
      ]
    }
  ],
  "redirects": [
    {
      "source": "/home",
      "destination": "/",
      "permanent": true
    }
  ],
  "rewrites": [
    {
      "source": "/sitemap.xml",
      "destination": "/api/sitemap"
    }
  ]
}